{   
   "name": "pf1e-crit-decks-v11-12",   
   "title": "Critical Hits and Fumbles for PF1",   
   "description": "Rolltables and Buffs for rolling Crits and Fumbles",   
   "author": "Phoenix Alexander",
   "version": "1.2.1",
   "minimumCoreVersion": "11",
   "compatibleCoreVersion":"12",
   "url":"https://github.com/R0gu3P403n1x/pf1e-Crit-decks",
   "download":"https://github.com/R0gu3P403n1x/pf1e-Crit-decks/releases/download/pf1-crit-decks/pf1-crit-decks.zip",
   "manifest":"https://github.com/R0gu3P403n1x/pf1e-Crit-decks/releases/download/pf1-crit-decks/module.json",
   "packs": [
   {
      "name": "crithits",
      "label": "Critical Hits - PF1",
      "path": "packs/crithits.db",
      "type": "Item",
      "module": "pf1e-crit-decks-v11-12"
    },
    {
      "name": "critfumbles",
      "label": "Critical Fumbles - PF1",
      "path": "packs/critfumbles.db",
      "type": "Item",
      "module": "pf1e-crit-decks-v11-12"
    },
    {
      "name": "critrolls",
      "label": "Critical Rolltables - PF1",
      "path": "packs/critrolls.db",
      "type": "RollTable",
      "module": "pf1e-crit-decks-v11-12"
    }
  ]
 }
