{   
   "name": "pf1-crit-decks",   
   "title": "Critical Hits and Fumbles for PF1",   
   "description": "Rolltables and Buffs for rolling Crits and Fumbles",   
   "author": "Phoenix Alexander",
   "version": "1.2.3",
   "relationships":{
      "systems":[
         {
            "id":"pf1",
            "type":"system",
            "compatibility":{
               "minimum":"10",
               "verified": "10.7"
            }
         }
      ]
   },

   "compatibility": {
    "minimum": 10,
    "verified": 11,
    "maximum": 12
  },
   "url":"https://github.com/R0gu3P403n1x/pf1e-Crit-decks",
   "download":"https://github.com/R0gu3P403n1x/pf1e-Crit-decks/releases/download/pf1-crit-decks/pf1-crit-decks.zip",
   "manifest":"https://github.com/R0gu3P403n1x/pf1e-Crit-decks/releases/download/pf1-crit-decks/module.json",
    "packs": [
        {
            "type": "RollTable",
            "label": "Critical Decks",
            "module": "pf1-crit-decks",
            "path": "packs/critical-decks.db",
            "name": "critical-decks",
            "system": "pf1"
        },
        {
            "type": "Item",
            "label": "Crit Fumble",
            "module": "pf1-crit-decks",
            "path": "packs/crit-fumble.db",
            "name": "crit-fumble",
            "system": "pf1"
        },
        {
            "type": "Item",
            "label": "Crit Hit",
            "module": "pf1-crit-decks",
            "path": "packs/crit-hit.db",
            "name": "crit-hit",
            "system": "pf1"
        }
    ]
 }
